metric,value
accuracy,0.8083902353368426
f1Score,0.7227364534693271
recall,0.8083902353368426
precision,0.6534947725879557
