metric,value
accuracy,0.796875
f1Score,0.7067934782608696
recall,0.796875
precision,0.635009765625
